Title;Author;Languaje;Image;Tags;Genres;Year;Rating;ListName
A Transmigrator’s Privilege;irinbi;Korean;https://cdn.novelupdates.com/images/2022/09/A-Transmigrators-Privilege.jpg;Adapted to Manhwa, Age Progression, Assassins, Beautiful Female Lead, Child Protagonist, Childhood Friends, Demon Lord, Demons, Divine Protection, Doting Older Siblings, Doting Parents, Dungeons, Family, Female Protagonist, Friendship, Game Elements, Gods, Handsome Male Lead, Healers, Mysterious Past, Overpowered Protagonist, Playful Protagonist, Priests, Reincarnated in a Game World, Saving the World, Strong to Stronger, Sword And Magic, Sword Wielder, Transmigration;Action, Adventure, Comedy, Fantasy, Romance;2021;4.5/5.0;Edit Lists
Academy’s Black-Haired Foreigner;노빠꾸맨;Korean;https://cdn.novelupdates.com/images/2023/06/Academys-BlackHaired-Foreigner.jpg;Academy, Appearance Different from Actual Age, Arrogant Characters, Average-looking Protagonist, Betrayal, Caring Protagonist, Comedic Undertone, Destiny, Determined Protagonist, Different Social Status, Dungeons, Evil Organizations, Kind Love Interests, Male Protagonist, Misunderstandings, Modern Day, Parody, Reincarnated in Another World, Reincarnation, Saving the World, Secret Organizations, Selfish Protagonist, Stoic Characters, Sword Wielder, Transported Modern Structure, Tsundere, Unique Weapon User, Unique Weapons, Weak to Strong;Action, Adventure, Fantasy, Harem, Romance, School Life;2021;3.1/5.0;Edit Lists
Academy’s Second Seat;윤매미;Korean;https://cdn.novelupdates.com/images/2022/09/Academys-Second-Seat.jpg;Academy, Aristocracy, Beautiful Female Lead, Complex Family Relationships, Dense Protagonist, Game Elements, Handsome Male Lead, Hard-Working Protagonist, Kind Love Interests, Knights, Love Interest Falls in Love First, Magic, Magic Formations, Male Protagonist, Misunderstandings, Nobles, Older Love Interests, Personality Changes, Polygamy, Royalty, Senpai-Kouhai Relationship, Sibling Rivalry, Strong Love Interests, Student Council, Summoning Magic, Sword And Magic, Teachers, Tragic Past, Transmigration, Transported into a Game World, Wizards, Younger Love Interests;Action, Fantasy, Harem, Romance, School Life, Slice of Life;2021;3.9/5.0;Edit Lists
Avoid the Yandere Goddess;앤비즈;Korean;https://cdn.novelupdates.com/images/2023/07/Avoid-Yandere-Constellation_1688876394.jpg;Academy, Aggressive Characters, Character Growth, Clever Protagonist, Cunning Protagonist, Game Elements, God-human Relationship, Handsome Male Lead, Magic, Male Protagonist, Obsessive Love, Possessive Characters, Proactive Protagonist, R-18, Schemes And Conspiracies, Sword And Magic, Time Loop, Transported into a Game World, Transported to Another World, Trickster, Weak to Strong, Yandere;Action, Comedy, Fantasy, Harem, Mature, Romance, School Life;2021;4.0/5.0;Edit Lists
City Of Witches;seolmgejineunkkoch;Korean;https://cdn.novelupdates.com/images/2022/08/City-Of-Witches.jpg;An*l, Academy, Amnesia, Beautiful Female Lead, Dense Protagonist, Depictions of Cruelty, First-time Interc**rse, F*llatio, Handsome Male Lead, H*ndjob, Love Interest Falls in Love First, Magic, Male Protagonist, Misunderstandings, Nobles, Older Love Interests, Polygamy, R-18, Reverse R*pe, R*pe, S*ave Protagonist, Stockholm Syndrome, Strong Love Interests, Tsundere, Twins, Weak to Strong, Witches, Yandere, Younger Love Interests;Action, Adult, Ecchi, Fantasy, Harem, Romance;2021;3.9/5.0;Edit Lists
Danjohi ga Bukkowareta Sekai no Hito to Jinsei wo Koukanshimashita;Mogi Suzu;Japanese;https://cdn.novelupdates.com/images/2023/03/Danjohi-ga-Bukkowareta-Sekai-no-Hito-to-Jinsei-wo-Koukanshimashita.png;Adapted to Manga, Alternate World, Beautiful Female Lead, Gods, Handsome Male Lead, Male Protagonist, Matriarchy, Modern Day, Parallel Worlds, Polygamy, Transmigration, Transported to Another World, Younger Sisters;Comedy, Drama, Harem, Romance, School Life, Shounen, Slice of Life;2021;3.8/5.0;Edit Lists
How To Live As An Academy Extra Villain;아가다람쥐;Korean;https://cdn.novelupdates.com/images/2023/10/How-To-Live-As-An-Academy-Extra-Villain.jpeg;Academy, Alchemy, Aristocracy, Beautiful Female Lead, Broken Engagement, Brother Complex, Caring Protagonist, Demons, Dense Protagonist, Devoted Love Interests, Fantasy World, Fat to Fit, Handsome Male Lead, Hated Protagonist, Kind Love Interests, Knights, Love Interest Falls in Love First, Magic, Male Protagonist, Manipulative Characters, Mob Protagonist, Monsters, Multiple POV, Nobles, Popular Love Interests, Possessive Characters, Reincarnation, Royalty, Saints, Special Abilities, Spirit Users, Spirits, Sword And Magic, Transmigration, Weak to Strong, Younger Sisters;Action, Fantasy, Harem, Romance, School Life, Slice of Life;2023;3.9/5.0;Edit Lists
I Became A Flashing Genius At The Magic Academy;은밀히;Korean;https://cdn.novelupdates.com/images/2022/05/I-Become-A-Flashing-Genius-At-The-Magic-Academy.jpg;Academy, Alchemy, Aristocracy, Artifacts, Battle Academy, Beautiful Female Lead, Cautious Protagonist, Clever Protagonist, Demons, Dense Protagonist, Dragons, Dwarfs, Elemental Magic, Elves, Evil Organizations, Fantasy World, Genius Protagonist, Gods, Kingdoms, Kuudere, Late Romance, Level System, Love Interest Falls in Love First, Magic, Magic Beasts, Magical Technology, Male Protagonist, Misunderstandings, Mob Protagonist, Multiple POV, Multiple Transported Individuals, Orphans, Otome Game, Romantic Subplot, Ruthless Protagonist, Slow Growth at Start, Slow Romance, Spirits, Stoic Characters, Sword And Magic, Transmigration, Transported into a Game World, Tsundere, Wizards;Action, Adventure, Fantasy, Harem, Romance, School Life, Shounen, Supernatural;2021;4.4/5.0;Edit Lists
I Became a Genius Swordsman in the Pretty Girl Game;유다트;Korean;https://cdn.novelupdates.com/images/2023/09/I-Became-a-Genius-Swordsman-in-the-Pretty-Girl-Game.jpg;Academy, Adventurers, Alternate World, Beautiful Female Lead, Cheats, Clumsy Love Interests, Discrimination, Fantasy World, Handsome Male Lead, Hard-Working Protagonist, Male Protagonist, Matriarchy, Protagonist Strong from the Start, Reincarnated in a Game World, Transmigration, Transported into a Game World, Transported to Another World, Weak to Strong;Action, Adventure, Comedy, Fantasy, Harem, Romance, School Life;2023;3.5/5.0;Edit Lists
I Became the Academy’s Kibitz Villain;Cherry Blossom Latte;Korean;https://cdn.novelupdates.com/images/2023/07/I-Became-the-Academys-Kibitz-Villain.png;Academy, Antihero Protagonist, Battle Academy, Beautiful Female Lead, C*nnilingus, Comedic Undertone, Cruel Characters, Depictions of Cruelty, Devoted Love Interests, Discrimination, Evil Organizations, First-time Interc**rse, F*llatio, Game Elements, Handsome Male Lead, Harem-seeking Protagonist, Heroes, Hidden Abilities, Hiding True Identity, Lack of Common Sense, Library, Love Interest Falls in Love First, Male Protagonist, Misunderstandings, Nationalism, Polygamy, Possession, Psychopaths, R-18, Romantic Subplot, Schemes And Conspiracies, Secret Identity, Secret Organizations, Special Abilities, Spies, Strong Love Interests, Strong to Stronger, System Administrator, Threesome, Transformation Ability, Transmigration, Transported to Another World, Unreliable Narrator, Weak to Strong;Action, Adventure, Fantasy, Harem, Romance, School Life, Supernatural, Tragedy;2022;3.5/5.0;Edit Lists
I Became the Fiancé of a Crazy Heroine;루인메이커;Korean;https://cdn.novelupdates.com/images/2023/03/I-Became-the-Fianc-of-a-Crazy-Heroine.jpg;Aristocracy, Arranged Marriage, Beautiful Female Lead, Caring Protagonist, Charming Protagonist, Clumsy Love Interests, Engagement, Forced into a Relationship, Forced Living Arrangements, Forced Marriage, Male Protagonist, Marriage of Convenience, Nobles, Reincarnated in Another World, Sword And Magic;Action, Adventure, Fantasy, Romance;2021;3.7/5.0;Edit Lists
I Became the Male Lead who was Clinging onto the Female Leads;금개;Korean;https://cdn.novelupdates.com/images/2023/07/I-Became-the-Male-Lead-who-was-Clinging-onto-the-Female-Leads.jpg;Academy, Aristocracy, Beautiful Female Lead, Hard-Working Protagonist, Magic, Male Protagonist, Multiple POV, Nobles, Overpowered Protagonist, Popular Love Interests, Royalty, Strong Love Interests, Transmigration, Transported into a Game World;Action, Fantasy, Harem, Romance, School Life;2023;3.7/5.0;Edit Lists
I Don’t Need a Guillotine for My Revolution;Carcassonne;Korean;https://cdn.novelupdates.com/images/2024/01/I-Dont-Need-a-Guillotine-for-My-Revolution.png;Age Progression, Androgynous Characters, Archery, Aristocracy, Army Building, Arranged Marriage, Arrogant Characters, Beautiful Female Lead, Character Growth, Clever Protagonist, Complex Family Relationships, Death of Loved Ones, Demons, Dwarfs, Elves, Evil Organizations, Fallen Nobility, Gore, Late Romance, Leadership, Male Protagonist, Management, Medieval, Nationalism, Nobles, Past Plays a Big Role, Saints, Seven Deadly Sins, Slow Romance, Soldiers, Sword And Magic, Time Travel, Tragic Past, Unreliable Narrator, Wars;Action, Adult, Drama, Fantasy, Romance, Tragedy;2021;4.3/5.0;Edit Lists
I Killed the Player of the Academy;사람살려;Korean;https://cdn.novelupdates.com/images/2022/08/I-Killed-the-Academy-Player.jpg;Academy, Adapted to Manhwa, Alchemy, Battle Academy, Beautiful Female Lead, Calm Protagonist, Caring Protagonist, Conditional Power, Cunning Protagonist, Demons, Dense Protagonist, Druids, Fantasy World, Game Elements, Handsome Male Lead, Hard-Working Protagonist, Heroes, Kind Love Interests, Knights, Love Interest Falls in Love First, Magic, Magic Formations, Male Protagonist, Misunderstandings, Mob Protagonist, Multiple Transported Individuals, Older Love Interests, Polygamy, Previous Life Talent, Righteous Protagonist, Saving the World, Second Chance, Selfless Protagonist, Spear Wielder, Spirits, Strong Love Interests, Strong to Stronger, Sword And Magic, Teamwork, Transmigration, Transported into a Game World, Vampires, Weak to Strong, Yandere;Action, Adventure, Comedy, Fantasy, Harem, Romance, School Life;2021;4.2/5.0;Edit Lists
I Teleported Into the Academy of a S*xy Game;Candy Flower;Korean;https://cdn.novelupdates.com/images/2023/03/I-Teleported-Into-the-Academy-of-a-Sxy-Game.png;Academy, Adapted to Manhwa, Beautiful Female Lead, C*nnilingus, Cohabitation, Dungeons, Eye Powers, First-time Interc**rse, F*llatio, Galge, Handsome Male Lead, H*ndjob, Level System, Lucky Protagonist, Magic, Male Protagonist, Masochistic Characters, M*sturbation, Multiple POV, Outdoor Interc**rse, Paizuri, Polygamy, R-18, Strong to Stronger, Student Council, Student-Teacher Relationship, Succubus, Threesome, Transmigration, Transported into a Game World, Twins;Action, Adult, Comedy, Ecchi, Fantasy, Harem, Romance, School Life;2021;3.9/5.0;Edit Lists
I Want to Die One Day Before You;Elim;Korean;https://cdn.novelupdates.com/images/2020/06/IMG_0136.jpg;Aristocracy, Caring Protagonist, Cruel Characters, Death of Loved Ones, Demons, Determined Protagonist, Devoted Love Interests, Different Social Status, Doting Love Interests, First Love, Hidden Abilities, Kind Love Interests, Love Interest Falls in Love First, Magic, Male Protagonist, Multiple POV, R-15, Rebellion, Revenge, Royalty, Ruthless Protagonist, Saints, Second Chance;Drama, Fantasy, Mature, Psychological, Romance, Tragedy;2019;4.0/5.0;Edit Lists
I Was Kidnapped By a Yandere Writer;Papapa;Korean;https://cdn.novelupdates.com/images/2023/03/I-Was-Kidnapped-By-a-Yandere-Writer_1680129346.png;Beautiful Female Lead, Confinement, Cooking, First-time Interc**rse, Handsome Male Lead, H*ndjob, Kidnappings, Kind Love Interests, Love at First Sight, Love Interest Falls in Love First, Male Protagonist, Modern Day, Multiple Personalities, Obsessive Love, R-18, R*pe Victim Becomes Lover, Reverse R*pe, Strong Love Interests, Ugly to Beautiful, Unconditional Love, Writers, Yandere;Adult, Comedy, Drama, Horror, Mature, Romance, Slice of Life;2021;3.8/5.0;Edit Lists
I’m Not Going to Do Something Like Break off Our Engagement;Jupiter Studio;Japanese;https://cdn.novelupdates.com/images/2021/04/Im-not-going-to-do-something-like-break-off-our-engagement.jpg;Adapted to Manga, Age Progression, Arranged Marriage, Beautiful Female Lead, Caring Protagonist, Child Protagonist, Doting Love Interests, Early Romance, Fantasy World, Handsome Male Lead, Heartwarming, Male Protagonist, Marriage, Nobles, Otome Game, Protagonist Falls in Love First, Reincarnated in Another World, Second Chance, Time Skip, Villainess Noble Girls;Comedy, Fantasy, Romance, Shounen;2019;4.3/5.0;Edit Lists
My Daughters Are Regressors;Michuri;Korean;https://cdn.novelupdates.com/images/2023/08/My-Daughters-Are-Regressors.jpg;Award-winning Work, Childcare, Cute Children, Cute Story, Demon Lord, Dense Protagonist, Doting Parents, Evil Gods, Evil Organizations, Familial Love, Family, God Protagonist, Gods, Hated Protagonist, Kuudere, Male Protagonist, Overpowered Protagonist, Polygamy, Protagonist Strong from the Start, Racism, Strong Love Interests, Thieves, Time Paradox, Time Travel, Tsundere, Unreliable Narrator, World Travel, Younger Love Interests;Action, Comedy, Fantasy, Harem, Mystery, Slice of Life;2022;4.1/5.0;Edit Lists
My Friend’s Harem Is Obsessed With Me;_172;Korean;https://cdn.novelupdates.com/images/2022/12/My-Friends-Harem-Is-Obsessed-With-Me.jpg;Academy, Age Regression, Aristocracy, Award-winning Work, Beautiful Female Lead, Calm Protagonist, Charismatic Protagonist, Childhood Friends, Clever Protagonist, Cold Love Interests, Cunning Protagonist, Demons, Determined Protagonist, Hated Protagonist, Love Interest Falls in Love First, Magic, Male Protagonist, Misunderstandings, Obsessive Love, Overpowered Protagonist, Past Plays a Big Role, Past Trauma, Previous Life Talent, Romantic Subplot, Saving the World, Strong Love Interests, Sword And Magic, Tsundere, Yandere;Action, Adventure, Fantasy, Harem, Romance, School Life;2022;3.6/5.0;Edit Lists
My Girlfriend Is Very Good to Me;AloEN(알로엔);Korean;https://cdn.novelupdates.com/images/2022/12/My-girlfriend-is-very-good-to-me_1671208088.jpg;Adapted to Manhwa, Amnesia, Average-looking Protagonist, Beautiful Female Lead, Couple Growth, Cute Story, Early Romance, First Love, Heartwarming, Kind Love Interests, Love Interest Falls in Love First, Male Protagonist, Modern Day, Past Plays a Big Role, Past Trauma, Previous Life Talent, R-18, Reincarnation, Second Chance, Tragic Past, Unconditional Love;Comedy, Drama, Romance, Slice of Life;2022;4.2/5.0;Edit Lists
My Housemaid Is The Most Beautiful Girl In School;S004;Korean;https://cdn.novelupdates.com/images/2023/03/My-Housemaid-Is-The-Most-Beautiful-Girl-In-School.jpg;Beautiful Female Lead, Cohabitation, Maids, Male Protagonist;Romance, School Life;2021;3.8/5.0;Edit Lists
Only After I Was Reborn Did I Realize That I Had Childhood Sweethearts;Cao Manjun;Chinese;https://cdn.novelupdates.com/images/2023/08/Only-After-I-Was-Reborn-Did-I-Realize-That-I-Had-Childhood-Sweethearts.png;Age Progression, Appearance Different from Actual Age, Beautiful Female Lead, Calm Protagonist, Caring Protagonist, Child Protagonist, Childhood Friends, Childhood Love, Childhood Promise, Clingy Lover, Confident Protagonist, Heartwarming, Kind Love Interests, Love Triangles, Male Protagonist, Modern Day, Multiple Timelines, Popular Love Interests, Second Chance, Time Skip;Comedy, Drama, Harem, Romance, School Life, Slice of Life;2022;4.2/5.0;Edit Lists
Overpowered Archmage Doesn’t Hide His Talent;하주비;Korean;https://cdn.novelupdates.com/images/2023/04/Overpowered-Archmage-Doesnt-Hide-His-Talent.jpg;Academy, Beasts, Beautiful Female Lead, Betrayal, Fantasy Creatures, Fantasy World, Magic, Magic Beasts, Male Protagonist, Obsessive Love, Overpowered Protagonist, Previous Life Talent, Protagonist Strong from the Start, Quirky Characters, Transmigration, Transported to Another World, Underestimated Protagonist, Wizards;Action, Adventure, Fantasy, Harem, Romance;2023;3.7/5.0;Edit Lists
Pick Up the Rejected Pure Love;양갱E;Korean;https://cdn.novelupdates.com/images/2023/06/Pick-Up-the-Rejected-Pure-Love.png;Academy, Age Progression, Beautiful Female Lead, Calm Protagonist, Caring Protagonist, Clever Protagonist, Clingy Lover, Cohabitation, College/University, Cute Story, Early Romance, First Love, First-time Interc**rse, Handsome Male Lead, Hard-Working Protagonist, Kind Love Interests, Male Protagonist, Modern Day, Multiple POV, Obsessive Love, Proactive Protagonist, Protagonist Falls in Love First, R-18, Transmigration, Yandere;Comedy, Drama, Fantasy, Romance, School Life, Slice of Life;2023;4.3/5.0;Edit Lists
Regression Is Too Much;준호킴;Korean;https://cdn.novelupdates.com/images/2023/09/Regression-Is-Too-Much.png;Beautiful Female Lead, Character Growth, Cheats, Conditional Power, Cunning Protagonist, Demi-Humans, Determined Protagonist, Dungeons, Fairies, Fantasy World, First-time Interc**rse, Game Elements, Gods, Kidnappings, Level System, Magic, Male Protagonist, Manipulative Characters, Misunderstandings, Modern Day, Mystery Solving, Obsessive Love, Parody, Quirky Characters, Romantic Subplot, Saving the World, Slow Growth at Start, Slow Romance, Special Abilities, Stoic Characters, Strong Love Interests, Strong to Stronger, Sword Wielder, Time Loop, Weak to Strong;Action, Adventure, Comedy, Fantasy, Romance;2023;4.2/5.0;Edit Lists
Reincarnated • The Hero Marries the Sage ~After Becoming Engaged to a Former Rival, We Became the Strongest Couple~;Fujiki Washiro;Japanese;https://cdn.novelupdates.com/images/2023/02/Reincarnated-The-Hero-Marries-the-Sage-After-Becoming-Engaged-to-a-Former-Rival-We-Became-the-Strongest-Couple.jpg;Academy, Adapted to Manga, Beautiful Female Lead, Cheats, Doting Parents, Easy Going Life, Elemental Magic, Elves, Empires, Enemies Become Allies, Enemies Become Lovers, Famous Parents, Famous Protagonist, Fated Lovers, Love Interest Falls in Love First, Magic, Magic Formations, Magical Technology, Male Protagonist, Marriage, Marriage of Convenience, Multiple Reincarnated Individuals, Overpowered Protagonist, Past Plays a Big Role, Power Couple, Previous Life Talent, Protagonist Strong from the Start, Reincarnation, Rivalry, Smart Couple, Strong Love Interests, Strong to Stronger, Sword And Magic, Sword Wielder;Action, Adventure, Comedy, Fantasy, Romance, School Life;2022;4.2/5.0;Edit Lists
Seducing the Student Council President;Lemon Mint;Korean;https://cdn.novelupdates.com/images/2022/12/Seducing-the-Student-Council-President.jpg;Academy, Age Regression, Apocalypse, Beautiful Female Lead, Determined Protagonist, Game Elements, Hard-Working Protagonist, Male Protagonist, Mob Protagonist, Modern Day, Nobles, Past Plays a Big Role, Strong Love Interests, Sword And Magic, Transported into a Game World;Action, Fantasy, Romance;2022;4.3/5.0;Edit Lists
Taming Her Highness the Princess;사육실장;Korean;https://cdn.novelupdates.com/images/2023/07/Taming-Her-Highness-the-Princess.png;Apocalypse, Artifacts, Beautiful Female Lead, Clever Protagonist, Demons, Dense Protagonist, Depictions of Cruelty, Determined Protagonist, European Ambience, Evil Religions, Fantasy Creatures, Fantasy World, Male Protagonist, Multiple POV, Nobles, Royalty, Schemes And Conspiracies, Second Chance, Special Abilities, Student-Teacher Relationship, Teachers, Tsundere, Wizards;Action, Fantasy, Harem, Romance;2023;3.9/5.0;Edit Lists
The Academy Heroines Remember My Death;대학원노예지망생;Korean;https://cdn.novelupdates.com/images/2023/01/The-Academy-Heroines-Remember-My-Death.jpg;Ability Steal, Academy, Chuunibyou, Hunters, Level System, Magic, Male Protagonist, Monsters, Overpowered Protagonist, Time Travel;Action, Fantasy, Harem;2022;3.7/5.0;Edit Lists
The Banished Villainess’ Husband;Komori Kiri;Japanese;https://cdn.novelupdates.com/images/2019/12/cover-20191210-obi-none-1-e1574151968370.jpg;Adapted to Manga, Aristocracy, Beautiful Female Lead, Business Management, Clever Protagonist, Fallen Nobility, Forced Living Arrangements, Forced Marriage, Heartwarming, Male Protagonist, Nobles, Protagonist Falls in Love First, R-15, Reincarnated in a Game World, Reincarnated in Another World, Reincarnation, Villainess Noble Girls;Fantasy, Romance, Shoujo;2019;3.5/5.0;Edit Lists
The Daily Love Life Of The Immoral God And His Invisible Wife;390;Chinese;https://cdn.novelupdates.com/images/2023/05/The-Daily-Love-Life-Of-The-Immoral-God-And-His-Invisible-Wife.jpg;Angels, Aristocracy, Arrogant Characters, Battle Academy, Battle Competition, Beautiful Female Lead, Butlers, Calm Protagonist, Carefree Protagonist, Cheats, Clingy Lover, Clumsy Love Interests, Comedic Undertone, Demons, Devoted Love Interests, Early Romance, Famous Parents, Fox Spirits, God-human Relationship, God Protagonist, Godly Powers, Handsome Male Lead, Hated Protagonist, Hiding True Identity, Immortals, Lack of Common Sense, Lazy Protagonist, Level System, Magic, Magic Beasts, Male Protagonist, Monsters, Multiple Realms, Nobles, Overpowered Protagonist, Protagonist Strong from the Start, Quirky Characters, Shameless Protagonist, Sibling Rivalry, Sword And Magic, Tragic Past, Wars;Adventure, Comedy, Fantasy, Romance, Slice of Life, Supernatural;2022;4.0/5.0;Edit Lists
The Extra Saved the Terminally Ill Princess and Ran Away;Egg Muncher;Korean;https://cdn.novelupdates.com/images/2023/06/The-Extra-Saved-the-Terminally-Ill-Princess-and-Ran-Away.png;Academy, Death of Loved Ones, Demon Lord, Disabilities, European Ambience, First-time Interc**rse, Gods, Kind Love Interests, Male Protagonist, Misunderstandings, Mob Protagonist, Protagonist Falls in Love First, Second Chance, Servants, Stoic Characters, Transmigration, Weak to Strong;Action, Fantasy, Romance, School Life, Tragedy;2022;4.1/5.0;Edit Lists
The Former Hero and The Former Demon King Tried Couple Streaming in The Dungeon;九条蓮;Japanese;https://cdn.novelupdates.com/images/2023/09/The-Former-Hero-and-The-Former-Demon-King-Tried-Couple-Streaming-in-The-Dungeon.png;Beautiful Female Lead, Demon Lord, Dungeons, Early Romance, Enemies Become Lovers, Fantasy Creatures, Fantasy World, Former Hero, Livestreaming, Male Protagonist, Modern Day, Monsters, Overpowered Protagonist, R-15, Returning from Another World;Action, Adventure, Comedy, Fantasy, Mature, Romance, School Life, Shounen;2023;3.7/5.0;Edit Lists
The Grand Duchess Is Defeated Again Today;Habyeol;Korean;https://cdn.novelupdates.com/images/2023/04/The-Grand-Duchess-Is-Defeated-Again-Today.jpg;Arranged Marriage, Beautiful Female Lead, Calm Protagonist, Engagement, First-time Interc**rse, Love at First Sight, Magic, Male Protagonist, Marriage, Misunderstandings, Nobles, Slow Romance, Strong Love Interests, Sword And Magic, Sword Wielder, Tsundere;Fantasy, Romance;2022;3.5/5.0;Edit Lists
The Mellow and Mysterious Life of an Exiled Villainess and a Reincarnated Baron;ヒーター (Heater);Japanese;https://cdn.novelupdates.com/images/2023/08/The-Mellow-and-Mysterious-Life-of-an-Exiled-Villainess-and-a-Reincarnated-Baron_1691295117.jpg;Adapted to Manga, Aristocracy, Arranged Marriage, Beautiful Female Lead, Brainwashing, Calm Protagonist, Caring Protagonist, Character Growth, Couple Growth, Cute Story, Depression, Devoted Love Interests, Empires, European Ambience, Familial Love, Family, Fantasy Creatures, Fantasy World, Forced Marriage, Magic, Magic Beasts, Magical Technology, Male Protagonist, Mob Protagonist, Multiple POV, Nobles, Otome Game, Parent Complex, Protagonist Strong from the Start, Reincarnated in a Game World, Reincarnated in Another World, Reincarnation, Second Chance, Slow Romance, Social Outcasts, Strong Love Interests, Sword And Magic, Sword Wielder, Underestimated Protagonist, Villainess Noble Girls, Younger Love Interests;Adventure, Comedy, Drama, Fantasy, Psychological, Romance, Shoujo, Slice of Life;2019;4.1/5.0;Edit Lists
The Rankers Guide to Live an Ordinary Life;톄제;Korean;https://cdn.novelupdates.com/images/2021/06/The-Rankers-Guide-to-Live-an-Ordinary-Life_1623871371.jpg;Brother Complex, Cute Protagonist, Death of Loved Ones, Dragons, Dungeons, Famous Protagonist, Fated Lovers, Female Protagonist, Game Elements, God-human Relationship, Godly Powers, Hiding True Abilities, Hiding True Identity, Hunters, Lazy Protagonist, Lucky Protagonist, Magic, Misunderstandings, Modern Day, Multiple POV, Overpowered Protagonist, Protagonist Strong from the Start, Quirky Characters, Secret Identity, Shameless Protagonist, Siblings, Sister Complex, Slow Romance, Strong to Stronger, Younger Brothers, Younger Sisters;Action, Adventure, Comedy, Drama, Fantasy, Romance, Supernatural, Tragedy;2020;4.4/5.0;Edit Lists
Why Are You Becoming a Villain Again?;이만두;Korean;https://cdn.novelupdates.com/images/2022/12/Why-Are-You-Becoming-a-Villain-Again.jpg;Academy, Adopted Protagonist, Beautiful Female Lead, Brother Complex, Caring Protagonist, Cold Love Interests, European Ambience, First-time Interc**rse, Handsome Male Lead, Hard-Working Protagonist, Knights, Love Interest Falls in Love First, Male Protagonist, Misunderstandings, Mob Protagonist, Multiple POV, Nobles, Obsessive Love, Overprotective Siblings, Polygamy, Protagonist Strong from the Start, Reincarnated in Another World, Righteous Protagonist, Siblings, Sibling's Care, Siblings Not Related by Blood, Transmigration, Villainess Noble Girls, Yandere, Younger Love Interests, Younger Sisters;Drama, Fantasy, Harem, Romance, Slice of Life;2021;3.7/5.0;Edit Lists
Fated to Be Loved by Villains;Liteulbig;Korean;https://cdn.novelupdates.com/images/2023/12/Fated-to-Be-Loved-by-Villains.jpg;Academy, Accelerated Growth, Angels, Assassins, Beautiful Female Lead, Calm Protagonist, Charming Protagonist, Cheats, Clever Protagonist, Conditional Power, Cunning Protagonist, Demon Lord, Demons, Devoted Love Interests, Different Social Status, Evil Religions, Evolution, Fanaticism, Fearless Protagonist, First-time Interc**rse, F*llatio, Galge, Handsome Male Lead, Hidden Abilities, Immortals, Kingdoms, Knights, Level System, Love Interest Falls in Love First, Magic, Male Protagonist, Misunderstandings, Mysterious Family Background, Nobles, Obsessive Love, Politics, Polygamy, Prophecies, Psychic Powers, Psychopaths, R-18, Reincarnated in a Game World, Resurrection, Saints, Saving the World, Serial Killers, Soul Power, Special Abilities, Spirit Users, Spirits, Strategic Battles, Strong Love Interests, Sword And Magic, Sword Wielder, System Administrator, Time Manipulation, Transmigration, Transported into a Game World, Underestimated Protagonist, Unique Weapons, Unlucky Protagonist, Villainess Noble Girls, Weak Protagonist, Weak to Strong, Yandere;Action, Comedy, Fantasy, Harem, Romance;2022;4.4/5.0;To read
How To Ruin A Love Comedy;송아송아;Korean;https://cdn.novelupdates.com/images/2023/02/How-To-Ruin-A-Love-Comedy.jpg;Academy, Beautiful Female Lead, Clubs, Cold Love Interests, First-time Interc**rse, Harem-seeking Protagonist, H*ndjob, Kind Love Interests, Male Protagonist, Manipulative Characters, Mob Protagonist, Modern Day, Multiple POV, Netori, Older Love Interests, Pe*verted Protagonist, Proactive Protagonist, Protagonist Falls in Love First, R-18, Slow Romance, Threesome, Transmigration, Transported into a Game World, Tsundere, Younger Love Interests;Adult, Comedy, Ecchi, Fantasy, Harem, Mature, Romance, School Life;2022;4.2/5.0;To read
I Became The Academy’s Blind Swordsman;Dermatologist;Korean;https://cdn.novelupdates.com/images/2023/02/I-Became-The-Academys-Blind-Swordsman.jpg;Academy, Aggressive Characters, Anti-Magic, Beautiful Female Lead, Calm Protagonist, Charismatic Protagonist, Cold Love Interests, Dense Protagonist, Devoted Love Interests, Game Elements, Handsome Male Lead, Level System, Love Interest Falls in Love First, Male Protagonist, Master-Disciple Relationship, Misunderstandings, Multiple POV, Obsessive Love, Polygamy, Possessive Characters, Sword And Magic, Sword Wielder, Time Loop, Transmigration, Transported into a Game World, Voyeurism, Weak to Strong, Yandere;Action, Adventure, Fantasy, Harem, Romance, School Life;2022;3.7/5.0;To read
I Became the Childhood Friend of the Northern Duchess;밤이오는잠;Korean;https://cdn.novelupdates.com/images/2023/01/I-Became-the-Childhood-Friend-of-the-Northern-Duchess.jpg;Age Progression, Aristocracy, Beautiful Female Lead, Calm Protagonist, Childhood Friends, Clever Protagonist, Doting Love Interests, Fantasy World, Handsome Male Lead, Heartwarming, Love Interest Falls in Love First, Male Protagonist, Nobles, Reincarnated in Another World, Reincarnation, Strong Love Interests, Time Skip, Tsundere;Action, Drama, Fantasy, Romance, Slice of Life;2022;3.7/5.0;To read
I Unknowingly Rejected My Favorite;It's Autumn;Korean;https://cdn.novelupdates.com/images/2023/09/I-Unknowingly-Rejected-My-Favorite.jpg;Beautiful Female Lead, College/University, Devoted Love Interests, Handsome Male Lead, Love Interest Falls in Love First, Male Protagonist, Modern Day, Multiple POV, Otaku, Secret Identity;Comedy, Drama, Romance, School Life, Slice of Life;2022;4.2/5.0;To read
Incompatible Interspecies Wives;이만두;Korean;https://cdn.novelupdates.com/images/2023/06/Incompatible-Interspecies-Wives.png;Age Progression, Animal Characteristics, Arranged Marriage, Beastkin, Beautiful Female Lead, Betrayal, Brotherhood, Caring Protagonist, Charming Protagonist, Childhood Friends, Childhood Promise, Cold Love Interests, Demi-Humans, Demon Lord, Depression, Determined Protagonist, Discrimination, Divorce, Elves, Famous Protagonist, Fantasy World, First Love, Forced Marriage, Handsome Male Lead, Heroes, Human-Nonhuman Relationship, Leadership, Magic, Magic Beasts, Male Protagonist, Marriage, Mercenaries, Misunderstandings, Monster Girls, Monsters, Multiple POV, Nobles, Orphans, Polygamy, Pregnancy, Pretend Lovers, Proactive Protagonist, Prophecies, Saints, Slow Romance, Tragic Past, Weak to Strong, World Tree, Yandere;Adventure, Drama, Fantasy, Harem, Romance, Slice of Life, Tragedy;2023;4.4/5.0;To read
Love Letter From The Future;알콜중독;Korean;https://cdn.novelupdates.com/images/2023/12/Love-Letter-From-The-Future.jpg;Academy, Aggressive Characters, Award-winning Work, Beautiful Female Lead, Childhood Friends, Dense Protagonist, Engagement, Fantasy World, First-time Interc**rse, Handsome Male Lead, Love Interest Falls in Love First, Love Rivals, Male Protagonist, Masochistic Characters, Monsters, Multiple POV, Polygamy, Possession, Royalty, Ruthless Protagonist, Stockholm Syndrome, Strong Love Interests, Sword And Magic, Weak to Strong, Yandere;Action, Adventure, Fantasy, Harem, Mystery, School Life, Supernatural;2021;4.1/5.0;To read
Omniscient First-Person’s Viewpoint;gosogdolu;Korean;https://cdn.novelupdates.com/images/2022/06/Omniscient-FirstPersons-Viewpoint.jpg;Alchemy, Animal Characteristics, Antihero Protagonist, Apathetic Protagonist, Arrogant Characters, Award-winning Work, Beastkin, Beasts, Beautiful Female Lead, Black Belly, Blood Manipulation, Cautious Protagonist, Charismatic Protagonist, Clever Protagonist, Confident Protagonist, Cunning Protagonist, Demi-Humans, Dystopia, Friendship, Hard-Working Protagonist, Hiding True Abilities, Hiding True Identity, Interconnected Storylines, Lack of Common Sense, Love Interest Falls in Love First, Magic Beasts, Male Protagonist, Manipulative Characters, Mature Protagonist, Military, Misunderstandings, Money Grubber, Multiple POV, Orphans, Pets, Philosophical, Politics, Pragmatic Protagonist, Proactive Protagonist, Quirky Characters, Schemes And Conspiracies, Selfish Protagonist, Shameless Protagonist, Sharp-tongued Characters, Special Abilities, Strong Love Interests, Trickster, Twisted Personality, Unreliable Narrator, Vampires;Action, Adventure, Comedy, Fantasy, Harem, Mystery, Supernatural;2021;4.6/5.0;To read
Taming The Villainesses;Michuri;Korean;https://cdn.novelupdates.com/images/2022/06/Taming-The-Villainesses.jpg;Academy, Adapted to Manhwa, Beautiful Female Lead, Calm Protagonist, Clingy Lover, C*nnilingus, Court Official, Demi-Humans, Demons, Elves, European Ambience, Fallen Nobility, First-time Interc**rse, F*llatio, Game Elements, Handsome Male Lead, Heartwarming, H*ndjob, Level System, Love Interest Falls in Love First, Magic, Male Protagonist, Masochistic Characters, Master-Servant Relationship, Misunderstandings, Mob Protagonist, Nobles, Older Love Interests, Paizuri, Polite Protagonist, Polygamy, Possessive Characters, Pregnancy, R-18, Revenge, Royalty, R*pe, Sadistic Characters, Secret Identity, Servants, S*aves, Strength-based Social Hierarchy, Strong Love Interests, Sword And Magic, Transmigration, Villainess Noble Girls, Weak to Strong;Adult, Adventure, Drama, Ecchi, Fantasy, Harem, Mature, Psychological, Seinen;2021;4.0/5.0;To read
The Main Heroines are Trying to Kill Me;Kim Mamo;Korean;https://cdn.novelupdates.com/images/2022/04/The-Main-Heroines-are-Trying-to-Kill-Me.jpg;Academy, Age Regression, Antihero Protagonist, Aristocracy, Artifacts, Award-winning Work, Battle Academy, Beautiful Female Lead, Caring Protagonist, Childhood Friends, Dark, Demon Lord, Demons, Depression, Determined Protagonist, Devoted Love Interests, Empires, Engagement, Evil Gods, Fantasy World, First-time Interc**rse, F*llatio, Game Elements, Goddesses, Gods, Handsome Male Lead, Hard-Working Protagonist, Hated Protagonist, Heartwarming, Heroes, Hiding True Abilities, Limited Lifespan, Magic, Maids, Male Protagonist, Manipulative Characters, Misunderstandings, Multiple POV, Multiple Timelines, Nobles, Polygamy, Proactive Protagonist, Protagonist Strong from the Start, R-18, Righteous Protagonist, Royalty, Saving the World, Schemes And Conspiracies, Second Chance, Secret Identity, Secretive Protagonist, Selfless Protagonist, Slow Romance, Strong Love Interests, Strong to Stronger, Sword And Magic, System Administrator, Time Loop, Time Travel, Tragic Past, Yandere;Adventure, Fantasy, Harem, Psychological, Romance, School Life, Tragedy;2021;4.3/5.0;To read
The Tyrant Empress is Obsessed with Me;낱겻;Korean;https://cdn.novelupdates.com/images/2023/11/The-Tyrant-Empress-is-Obsessed-with-Me.jpg;Aristocracy, Beautiful Female Lead, Comedic Undertone, Empires, European Ambience, Lucky Protagonist, Male Protagonist, Misunderstandings, Obsessive Love, Politics, Reincarnated in Another World, Royalty, Yandere;Action, Adventure, Comedy, Drama, Fantasy, Harem, Romance;2023;4.3/5.0;To read
100 Things I Don’t Know About My Senior;Togai Aoi;Japanese;https://www.novelupdates.com/img/noimagefound.jpg;Adapted to Manga, Beautiful Female Lead, Bookworm, Female Protagonist, Heartwarming, Lazy Protagonist, Loner Protagonist, Male Protagonist, Manipulative Characters, Modern Day, Multiple POV, Multiple Protagonists, Senpai-Kouhai Relationship, Slow Romance;Comedy, Romance, School Life, Slice of Life;2017;4.6/5.0;Reading
I Became a Villain’s Hero;이만두;Korean;https://cdn.novelupdates.com/images/2023/12/I-Became-a-Villains-Hero.png;Antihero Protagonist, Beautiful Female Lead, Bullying, Calm Protagonist, Caring Protagonist, Character Growth, Depictions of Cruelty, Discrimination, Early Romance, Fearless Protagonist, Friendship, Hard-Working Protagonist, Helpful Protagonist, Heroes, Hidden Abilities, Hiding True Abilities, Jealousy, Kind Love Interests, Loneliness, Love Rivals, Male Protagonist, Mind Control, Misunderstandings, Modern Day, Multiple POV, Obsessive Love, Past Trauma, Polygamy, Possessive Characters, Protagonist Strong from the Start, Psychic Powers, Restaurant, Rivalry, Second Chance, Secret Organizations, Selfless Protagonist, Special Abilities, Store Owner, Strong Love Interests, Time Travel, Tragic Past, Tsundere, Twisted Personality, Unrequited Love, Yandere, Younger Love Interests;Action, Drama, Fantasy, Harem, Romance, Slice of Life, Supernatural;2022;4.0/5.0;Reading
I Reincarnated For Nothing;Toika;Korean;https://cdn.novelupdates.com/images/2018/07/IRN.jpg;Age Progression, Beautiful Female Lead, Childhood Friends, Clever Protagonist, Cunning Protagonist, Curses, Demi-Humans, Demon Lord, Demons, Dense Protagonist, Determined Protagonist, Dungeons, Dwarfs, Elves, Fantasy World, Game Elements, Handsome Male Lead, Heroes, Kuudere, Level System, Love Interest Falls in Love First, Magic, Male Protagonist, Monsters, Past Plays a Big Role, Pets, Polygamy, Pragmatic Protagonist, Pregnancy, Reincarnation, Ruthless Protagonist, Schemes And Conspiracies, Second Chance, Skill Books, Special Abilities, Strong Love Interests, Strong to Stronger, Sword And Magic, Teamwork, Time Skip, Torture, Weak to Strong, Yandere;Action, Adventure, Comedy, Fantasy, Harem;2017;4.1/5.0;Reading
Observation Record of a Self-proclaimed Villainess’ Fiance;Shiki;Japanese;https://cdn.novelupdates.com/images/2017/11/Observation-Record-of-a-Self-proclaimed-Villainess’-Fiance.jpg;Adapted to Manga, Age Progression, Aristocracy, Arranged Marriage, Black Belly, Calm Protagonist, Clever Protagonist, Couple Growth, Cunning Protagonist, Determined Protagonist, Devoted Love Interests, Engagement, Fat to Fit, Fox Spirits, Genius Protagonist, Heartwarming, Magic, Magic Beasts, Male Protagonist, Male Yandere, Multiple Reincarnated Individuals, Nobles, Obsessive Love, Otome Game, Possessive Characters, Reincarnated in a Game World, Royalty, Time Skip, Villainess Noble Girls;Comedy, Fantasy, Romance, School Life, Shoujo, Slice of Life;2017;4.6/5.0;Reading
Rehabilitating the Villainess;오당티;Korean;https://cdn.novelupdates.com/images/2023/01/Rehabilitating-the-Villainess_1674021493.jpg;Aggressive Characters, Aristocracy, Arrogant Characters, Beautiful Female Lead, Calm Protagonist, Character Growth, Clever Protagonist, Cooking, Engagement, European Ambience, Familial Love, Fantasy World, Handsome Male Lead, Knights, Magic, Male Protagonist, Misunderstandings, Mob Protagonist, Multiple POV, Nobles, Personality Changes, Possession, Protagonist Strong from the Start, Quirky Characters, Slow Romance, Strong Love Interests, Sword And Magic, Sword Wielder, Time Paradox, Time Travel, Transmigration, Transported to Another World, Villainess Noble Girls, Wealthy Characters;Comedy, Drama, Fantasy, Romance, Slice of Life;2022;4.4/5.0;Reading
The Demon Prince Goes to the Academy;Geul Jengi S;Korean;https://cdn.novelupdates.com/images/2021/07/The-Demon-Prince-goes-to-the-Academy.jpeg;Academy, Adapted to Manhwa, Alchemy, Alternate World, Appearance Changes, Battle Academy, Beautiful Female Lead, Calm Protagonist, Caring Protagonist, Character Growth, Cheats, Clever Protagonist, Cold Love Interests, Demi-Humans, Demon Lord, Demons, Depictions of Cruelty, Determined Protagonist, Doting Love Interests, Empires, Evil Religions, Family Conflict, Fantasy World, Friends Become Enemies, Game Elements, Gods, Handsome Male Lead, Hard-Working Protagonist, Harsh Training, Hated Protagonist, Heartwarming, Hiding True Identity, Humanoid Protagonist, Jack of All Trades, Kingdom Building, Knights, Kuudere, Love Interest Falls in Love First, Love Rivals, Loyal Subordinates, Magic, Male Protagonist, Manipulative Characters, Misunderstandings, Mob Protagonist, Multiple POV, Nobles, Older Love Interests, Politics, Polygamy, Quirky Characters, Race Change, Reincarnated in Another World, Reincarnation, Religions, Romantic Subplot, Royalty, Schemes And Conspiracies, Secret Organizations, Slow Growth at Start, Slow Romance, Special Abilities, Stoic Characters, Strong Love Interests, Sword And Magic, Sword Wielder, System Administrator, Thriller, Torture, Tragic Past, Transmigration, Tsundere, Unconditional Love, Unique Weapons, Weak to Strong, Writers;Action, Adventure, Fantasy, Harem, Romance, School Life, Shounen;2021;4.2/5.0;Reading
We Should Have Slept While Only Holding Hands, And Yet?!;Ryu Hosung;Korean;https://cdn.novelupdates.com/images/2017/07/001_cover.png;Androids, Beautiful Female Lead, Character Growth, Childhood Friends, Childhood Love, Couple Growth, Maids, Male Protagonist, Multiple POV, Past Plays a Big Role, Time Travel;Comedy, Drama, Psychological, Romance, School Life, Sci-fi, Shounen, Slice of Life;N/A;4.0/5.0;Reading
I Became the Fiancé of a Dragon in Romance Fantasy;서후;Korean;https://cdn.novelupdates.com/images/2022/12/I-Became-the-Fianc-of-a-Dragon-in-Romance-Fantasy_1671654104.jpg;Arranged Marriage, Beautiful Female Lead, Caring Protagonist, Character Growth, Clingy Lover, Devoted Love Interests, Dragons, Engagement, Fantasy Creatures, Fantasy World, First-time Interc**rse, Handsome Male Lead, Heartwarming, Kind Love Interests, Magic Beasts, Male Protagonist, Marriage, Marriage of Convenience, Multiple POV, Nobles, Obsessive Love, Past Plays a Big Role, Past Trauma, Personality Changes, Politics, Previous Life Talent, Protagonist Falls in Love First, R-18, Reincarnated in Another World, Reincarnation, Sword And Magic, Tragic Past, Unconditional Love, Weak to Strong;Action, Drama, Fantasy, Romance, Slice of Life, Smut;2021;4.1/5.0;Finished
The Noble Girl Living in Debt;Emoto Mashimesa;Japanese;https://cdn.novelupdates.com/images/2016/10/20d145aaeda5afe69990c18f036341db-450x665.jpg;Aristocracy, Beautiful Female Lead, Cute Story, Dense Protagonist, European Ambience, Fallen Nobility, Heartwarming, Kind Love Interests, Knights, Love Interest Falls in Love First, Male Protagonist, Misunderstandings, Nobles, Pretend Lovers, Slow Romance, Tsundere, Villainess Noble Girls;Fantasy, Romance, Shoujo;2016;4.4/5.0;Finished
